{"events":[{"action":"join","character":"character-1617225737.json","portrait":"","position":{"0":false,"1":true,"2":false,"3":false,"4":false}},{"character":"character-1617225737.json","portrait":"Default","text":"Hello I'm Zera\nTime to beat the Ultimatum's ass\nHahah"},{"action":"join","character":"character-1617655561.json","portrait":"","position":{"0":false,"1":false,"2":false,"3":true,"4":false}},{"character":"character-1617655561.json","portrait":"","text":"Hol up\nBig man downstairs said we can't let you pass\nSo uh\nThat ain't happening"},{"character":"character-1617225737.json","portrait":"Default","text":"What the f**k did you just say to me\nI'll have you know I graduated top of my class in the Navy Seals\nYou don't got the nutz to face all this"},{"character":"character-1617655561.json","portrait":"","text":"You wanna fight about it?"},{"character":"character-1617225737.json","portrait":"","text":"Hell yes"},{"action":"leaveall","character":"[All]"},{"close_dialog":""}],"metadata":{"dialogic-version":"1.0","file":"timeline-1617225724.json","name":"beginning"}}
